{"mean": [0.08745133131742477, 0.13282419741153717, 0.1298292875289917, 0.12885594367980957, 0.13012878596782684, 0.13072776794433594, 0.12833184003829956, 0.13185085356235504, -0.0012608773540705442, -0.0002472956257406622, 0.35925695300102234, 48.7787971496582, -0.035829707980155945, -0.0004824240750167519, 0.004775024019181728, -0.01009857002645731, 0.9870151877403259, 0.02232503704726696, 0.08767595142126083, 47.754459381103516, 0.30904510617256165, 0.4819857180118561, -0.6399065256118774, 0.25372934341430664, 0.24897821247577667, 0.4951089918613434, -0.0020730597898364067, -0.00037634256295859814, 0.3625447750091553, 47.9597282409668, 0.2186315804719925, -0.0016989882569760084, 0.008896367624402046, -0.06633223593235016, 0.9862143993377686, 0.04082370921969414, 0.09029649943113327, 48.842132568359375, 0.3263651728630066, 0.4588182270526886, -0.7583330273628235, 0.26881706714630127, 0.2563057839870453, 0.474798321723938, -0.003661519382148981, -0.00044124681153334677, 0.3743615448474884, 47.87202453613281, -1.1840226650238037, -0.00032791902776807547, 0.019332634285092354, -0.13617481291294098, 0.9523409605026245, 0.08915776014328003, 0.07337526232004166, 48.248313903808594, 0.3283883035182953, 0.47262388467788696, -0.6022714376449585, 0.28593966364860535, 0.2704375982284546, 0.4435867667198181, -0.011467188596725464, -0.0021748498547822237, 0.3705746829509735, 48.5708122253418, -0.34913235902786255, 0.0010244189761579037, 0.04029808193445206, 0.005587928928434849, 0.993655264377594, 0.15480050444602966, 0.14023660123348236, 51.0111198425293, 0.29548180103302, 0.4897058308124542, -1.340142846107483, 0.3045012652873993, 0.2654525637626648, 0.43003034591674805], "std": [0.2825058698654175, 0.3393973410129547, 0.3361281156539917, 0.3350529670715332, 0.33645766973495483, 0.33711498975753784, 0.3344714641571045, 0.33834120631217957, 0.0125800259411335, 0.002485992619767785, 0.16245661675930023, 15.482259750366211, 13.395707130432129, 0.01134527288377285, 0.002432737499475479, 1.0152370929718018, 0.5234804749488831, 0.01557973027229309, 0.28283363580703735, 9.571340560913086, 0.2182297259569168, 0.3209172785282135, 3.5844500064849854, 0.24502061307430267, 0.2435286045074463, 0.2982959747314453, 0.02154412306845188, 0.004281593486666679, 0.15982232987880707, 15.599178314208984, 13.058720588684082, 0.02010510489344597, 0.004107702523469925, 1.011250376701355, 0.4915761649608612, 0.02682207152247429, 0.28661680221557617, 9.228768348693848, 0.22071051597595215, 0.31435951590538025, 3.523280382156372, 0.22433097660541534, 0.2148599475622177, 0.2684341371059418, 0.03985187038779259, 0.007946415804326534, 0.1620672345161438, 15.90334415435791, 13.268463134765625, 0.04142472892999649, 0.007647078484296799, 1.0401828289031982, 0.4750962555408478, 0.0457313247025013, 0.26076123118400574, 9.35688304901123, 0.2264358103275299, 0.3154453933238983, 2.8427438735961914, 0.20480108261108398, 0.20279717445373535, 0.2555346190929413, 0.0770975649356842, 0.014765637926757336, 0.1512417495250702, 14.760204315185547, 14.362030982971191, 0.07251057028770447, 0.013079375959932804, 1.0608896017074585, 0.4698010981082916, 0.0697912722826004, 0.34724533557891846, 8.145439147949219, 0.20445086061954498, 0.31793540716171265, 3.290505886077881, 0.21117474138736725, 0.19239744544029236, 0.25703415274620056]}